{"dist_coefs": [[0.028683617283198924, -0.09278112286272218, -0.004959836014538891, 0.0038362370644832904, 0.14321462904693166]], "t_vet": [[-7024.4189453125], [2180.09912109375], [9642.6640625]], "rms": 0.6767370432932327, "r_vet": [[1.4952692985534668], [-0.6161416172981262], [0.5939712524414062]], "camera_matrix": [[884.8030684808779, 0.0, 980.6750465361966], [0.0, 886.3601091821116, 529.8336156032339], [0.0, 0.0, 1.0]]}