{"dist_coefs": [[0.00815933141631872, -0.025017482164339078, -0.0036952633913998325, 0.0006886364848994555, 0.019081377690813407]], "t_vet": [[-1492.439453125], [2446.442138671875], [14692.8857421875]], "rms": 0.8402732314084796, "r_vet": [[1.5038498640060425], [0.4672275483608246], [-0.5261942744255066]], "camera_matrix": [[872.1833826159034, 0.0, 966.6564491240856], [0.0, 873.5996853133018, 524.284758728742], [0.0, 0.0, 1.0]]}